{
  "main": {
    "id": "0dedabe1df2387ac",
    "type": "split",
    "children": [
      {
        "id": "9e4aff88d3932285",
        "type": "tabs",
        "children": [
          {
            "id": "1bedb694b8a88a11",
            "type": "leaf",
            "state": {
              "type": "markdown",
              "state": {
                "file": "Python.md",
                "mode": "source",
                "source": false
              }
            }
          }
        ]
      }
    ],
    "direction": "vertical"
  },
  "left": {
    "id": "7de962761d45ae8e",
    "type": "split",
    "children": [
      {
        "id": "d946ad522f1373f9",
        "type": "tabs",
        "children": [
          {
            "id": "ff7c1d9d7f8a530d",
            "type": "leaf",
            "state": {
              "type": "file-explorer",
              "state": {
                "sortOrder": "alphabetical"
              }
            }
          },
          {
            "id": "4ce17c796736e8da",
            "type": "leaf",
            "state": {
              "type": "search",
              "state": {
                "query": "",
                "matchingCase": false,
                "explainSearch": false,
                "collapseAll": false,
                "extraContext": false,
                "sortOrder": "alphabetical"
              }
            }
          },
          {
            "id": "13f9aa45243e3b8e",
            "type": "leaf",
            "state": {
              "type": "bookmarks",
              "state": {}
            }
          }
        ]
      }
    ],
    "direction": "horizontal",
    "width": 300
  },
  "right": {
    "id": "86eef5a5f7492904",
    "type": "split",
    "children": [
      {
        "id": "72c6df0fdb96684b",
        "type": "tabs",
        "children": [
          {
            "id": "fe569f56e7a08c77",
            "type": "leaf",
            "state": {
              "type": "backlink",
              "state": {
                "file": "Python.md",
                "collapseAll": false,
                "extraContext": false,
                "sortOrder": "alphabetical",
                "showSearch": false,
                "searchQuery": "",
                "backlinkCollapsed": false,
                "unlinkedCollapsed": true
              }
            }
          },
          {
            "id": "535a799c95df061e",
            "type": "leaf",
            "state": {
              "type": "outgoing-link",
              "state": {
                "file": "Python.md",
                "linksCollapsed": false,
                "unlinkedCollapsed": true
              }
            }
          },
          {
            "id": "bd779ab6b1043ecf",
            "type": "leaf",
            "state": {
              "type": "tag",
              "state": {
                "sortOrder": "frequency",
                "useHierarchy": true
              }
            }
          },
          {
            "id": "2d8cd387bf625a54",
            "type": "leaf",
            "state": {
              "type": "outline",
              "state": {
                "file": "Python.md"
              }
            }
          }
        ]
      }
    ],
    "direction": "horizontal",
    "width": 300,
    "collapsed": true
  },
  "left-ribbon": {
    "hiddenItems": {
      "switcher:打开快速切换": false,
      "graph:查看关系图谱": false,
      "canvas:新建白板": false,
      "daily-notes:打开/创建今天的日记": false,
      "templates:插入模板": false,
      "command-palette:打开命令面板": false
    }
  },
  "active": "1bedb694b8a88a11",
  "lastOpenFiles": [
    "python/文件类型.md",
    "Python.md",
    "python/生成式.md",
    "python/生成器类型.md",
    "python/其他类与对象.md",
    "python/上下文管理器类型.md",
    "python/模块类型.md",
    "python/迭代器类型.md",
    "python/安装.md"
  ]
}