{
  "main": {
    "id": "a29fa2ba4c751729",
    "type": "split",
    "children": [
      {
        "id": "a703236eeb91ff1e",
        "type": "tabs",
        "children": [
          {
            "id": "584184aa5484f2c9",
            "type": "leaf",
            "state": {
              "type": "markdown",
              "state": {
                "file": "Python.md",
                "mode": "preview",
                "source": false
              }
            }
          }
        ]
      }
    ],
    "direction": "vertical"
  },
  "left": {
    "id": "33b659f6a44eea5c",
    "type": "split",
    "children": [
      {
        "id": "2b949ca3cb974749",
        "type": "tabs",
        "children": [
          {
            "id": "41cb02849b805810",
            "type": "leaf",
            "state": {
              "type": "file-explorer",
              "state": {
                "sortOrder": "alphabetical"
              }
            }
          },
          {
            "id": "081f8dcbfe8530fe",
            "type": "leaf",
            "state": {
              "type": "search",
              "state": {
                "query": "",
                "matchingCase": false,
                "explainSearch": false,
                "collapseAll": false,
                "extraContext": false,
                "sortOrder": "alphabetical"
              }
            }
          },
          {
            "id": "45c55939378ad087",
            "type": "leaf",
            "state": {
              "type": "bookmarks",
              "state": {}
            }
          }
        ]
      }
    ],
    "direction": "horizontal",
    "width": 300
  },
  "right": {
    "id": "b6d11c19ca768013",
    "type": "split",
    "children": [
      {
        "id": "32e27185abd69c1e",
        "type": "tabs",
        "children": [
          {
            "id": "fab5cf7b4eae59e5",
            "type": "leaf",
            "state": {
              "type": "backlink",
              "state": {
                "file": "Python.md",
                "collapseAll": false,
                "extraContext": false,
                "sortOrder": "alphabetical",
                "showSearch": false,
                "searchQuery": "",
                "backlinkCollapsed": false,
                "unlinkedCollapsed": true
              }
            }
          },
          {
            "id": "df879530d440fda9",
            "type": "leaf",
            "state": {
              "type": "outgoing-link",
              "state": {
                "file": "Python.md",
                "linksCollapsed": false,
                "unlinkedCollapsed": true
              }
            }
          },
          {
            "id": "df08cd86a8eb7146",
            "type": "leaf",
            "state": {
              "type": "tag",
              "state": {
                "sortOrder": "frequency",
                "useHierarchy": true
              }
            }
          },
          {
            "id": "3a456cf79e97d40a",
            "type": "leaf",
            "state": {
              "type": "outline",
              "state": {
                "file": "Python.md"
              }
            }
          }
        ]
      }
    ],
    "direction": "horizontal",
    "width": 300,
    "collapsed": true
  },
  "left-ribbon": {
    "hiddenItems": {
      "switcher:打开快速切换": false,
      "graph:查看关系图谱": false,
      "canvas:新建白板": false,
      "daily-notes:打开/创建今天的日记": false,
      "templates:插入模板": false,
      "command-palette:打开命令面板": false
    }
  },
  "active": "584184aa5484f2c9",
  "lastOpenFiles": [
    "python/基本概念.md",
    "Python.md",
    "python/数字类型.md",
    "python/函数及方法类型.md",
    "python/内置函数.md",
    "python/其他类与对象.md",
    "python/异常类型.md",
    "python/模块类型.md",
    "python/上下文管理器类型.md",
    "python/生成器类型.md",
    "python/迭代器类型.md",
    "python/文件类型.md",
    "python/生成式.md",
    "python/字典类型.md",
    "python/集合类型.md",
    "python/序列类型.md",
    "python/range类型.md",
    "python/bytes类型.md",
    "python/字符串.md",
    "python/字符串前缀.md",
    "python/字符编码.md",
    "python/元组.md",
    "python/bytearray类型.md",
    "python/列表.md",
    "python/函数式编程.md",
    "python/装饰器.md"
  ]
}