{
  "main": {
    "id": "3e6024b2caa8dc00",
    "type": "split",
    "children": [
      {
        "id": "451d27570bf787a7",
        "type": "tabs",
        "children": [
          {
            "id": "4f401603ddd2902c",
            "type": "leaf",
            "state": {
              "type": "markdown",
              "state": {
                "file": "索引.md",
                "mode": "source",
                "backlinks": false,
                "source": false
              }
            }
          }
        ],
        "stacked": true
      }
    ],
    "direction": "vertical"
  },
  "left": {
    "id": "b456394114924108",
    "type": "split",
    "children": [
      {
        "id": "51f990299fe8b63f",
        "type": "tabs",
        "dimension": 37,
        "children": [
          {
            "id": "cc3a999b88cedf79",
            "type": "leaf",
            "state": {
              "type": "file-explorer",
              "state": {
                "sortOrder": "alphabetical"
              }
            }
          },
          {
            "id": "e77ff0f8726727a7",
            "type": "leaf",
            "state": {
              "type": "bookmarks",
              "state": {}
            }
          }
        ]
      },
      {
        "id": "7172aecdaf607933",
        "type": "tabs",
        "dimension": 26,
        "children": [
          {
            "id": "3157cee59cc13876",
            "type": "leaf",
            "state": {
              "type": "search",
              "state": {
                "query": "",
                "matchingCase": false,
                "explainSearch": false,
                "collapseAll": false,
                "extraContext": false,
                "sortOrder": "alphabetical"
              }
            }
          }
        ]
      },
      {
        "id": "b6bc69ce4d513254",
        "type": "tabs",
        "dimension": 37,
        "children": [
          {
            "id": "7f0aa73cecb58f7b",
            "type": "leaf",
            "state": {
              "type": "backlink",
              "state": {
                "file": "索引.md",
                "collapseAll": false,
                "extraContext": false,
                "sortOrder": "alphabetical",
                "showSearch": false,
                "searchQuery": "",
                "backlinkCollapsed": false,
                "unlinkedCollapsed": true
              }
            }
          },
          {
            "id": "bb450f1841a6d6e9",
            "type": "leaf",
            "state": {
              "type": "outgoing-link",
              "state": {
                "file": "索引.md",
                "linksCollapsed": false,
                "unlinkedCollapsed": true
              }
            }
          },
          {
            "id": "dc85fdfc3568a39b",
            "type": "leaf",
            "state": {
              "type": "tag",
              "state": {
                "sortOrder": "alphabetical",
                "useHierarchy": true
              }
            }
          },
          {
            "id": "9a885005ba5e38ef",
            "type": "leaf",
            "state": {
              "type": "outline",
              "state": {
                "file": "索引.md"
              }
            }
          }
        ]
      }
    ],
    "direction": "horizontal",
    "width": 300
  },
  "right": {
    "id": "6bf9086216443de8",
    "type": "split",
    "children": [],
    "direction": "horizontal",
    "width": 300,
    "collapsed": true
  },
  "left-ribbon": {
    "hiddenItems": {
      "switcher:打开快速切换": false,
      "graph:查看关系图谱": false,
      "canvas:新建白板": false,
      "daily-notes:打开/创建今天的日记": false,
      "templates:插入模板": false,
      "command-palette:打开命令面板": false,
      "obsidian42-brat:BRAT": false
    }
  },
  "active": "4f401603ddd2902c",
  "lastOpenFiles": [
    "首字母索引/首字母索引.md",
    "首字母索引/A'.md",
    "索引.md",
    "Obsidian 搜索 功能介绍.md",
    "搜索.md",
    "words/A/abound.md",
    "首字母索引/B'.md",
    "words/B/baby.md",
    "首字母索引/W'.md",
    "首字母索引/C'.md",
    "words/A/apple.md",
    "words/A/abdomen.md",
    "words/A/abbreviation.md",
    "words/A/a.md",
    "words/W/wrist.md",
    "首字母索引/T'.md",
    "words/T/tension.md",
    "words/A/activate.md",
    "words/A/abandon.md",
    "words/C/chief.md",
    "words/A/ability.md",
    "words/P/protein.md",
    "words/S/spectator.md",
    "words/S/standardisation.md",
    "首字母索引/Z'.md",
    "首字母索引/Y'.md",
    "脚本/四六级考研单词清单.txt"
  ]
}